<?xml version="1.0" encoding="UTF-8"?>
<addon id="plugin.video.ws" name="WatchSeries" version="2.0.5" provider-name="Mucky Duck, koreanwarrior">
	<requires>
		<import addon="xbmc.python" version="2.1.0"/>
		<import addon="script.module.urlresolver"  version="2.1.2"/>
		<import addon="script.module.metahandler" version="2.5.1"/>
		<import addon="script.module.muckys.common"/>
	</requires>
	<extension point="xbmc.python.pluginsource" library="default.py">
		<provides>video</provides>
	</extension>
	<extension point="xbmc.addon.metadata">
		<summary>Enjoy Your Favourite Shows Online From Watchseries</summary>
		<description>This Addon Will Delete Itself Unless You Have http://muckys.mediaportal4kodi.ml In File Manager. Watch TV Series From One Of The Best Sites On The Web Brought To You By Mucky Duck</description>
		<disclaimer lang="en_US">The author does not host or distribute any of the content displayed by this addon or have any affiliation with the website owners</disclaimer>
		<platform>all</platform>
	</extension>
</addon>
